{"cameraMode":{"drawMode":0,"name":"Shaded","section":"Shading Mode"},"sceneLighting":false,"audioPlay":false,"sceneViewState":{"showFog":false,"showMaterialUpdate":false,"showSkybox":false,"showFlares":false,"showImageEffects":false,"showParticleSystems":false},"in2DMode":false,"pivot":{"x":-12.12176513671875,"y":3.934513568878174,"z":3.232607364654541},"rotation":{"x":-0.08835142105817795,"y":0.8200346827507019,"z":-0.13175591826438905,"w":-0.549889326095581},"size":5.855944633483887,"orthographic":false}