{"cameraMode":{"drawMode":0,"name":"Shaded","section":"Shading Mode"},"sceneLighting":false,"audioPlay":false,"sceneViewState":{"showFog":false,"showMaterialUpdate":false,"showSkybox":false,"showFlares":false,"showImageEffects":false,"showParticleSystems":false},"in2DMode":false,"pivot":{"x":-6.7006988525390629,"y":112.65625,"z":-0.10600000619888306},"rotation":{"x":0.3937821090221405,"y":-0.3009161353111267,"z":0.1381886899471283,"w":0.8574900031089783},"size":374.17626953125,"orthographic":true}