{"cameraMode":{"drawMode":0,"name":"Shaded","section":"Shading Mode"},"sceneLighting":false,"audioPlay":false,"sceneViewState":{"showFog":false,"showMaterialUpdate":false,"showSkybox":false,"showFlares":false,"showImageEffects":false,"showParticleSystems":false},"in2DMode":false,"pivot":{"x":-0.0007074475288391113,"y":0.03589361906051636,"z":-0.0008424520492553711},"rotation":{"x":0.26094508171081545,"y":-0.4213527739048004,"z":0.12799057364463807,"w":0.8590694665908814},"size":5.493894577026367,"orthographic":false}