{"cameraMode":{"drawMode":0,"name":"Shaded","section":"Shading Mode"},"sceneLighting":false,"audioPlay":false,"sceneViewState":{"showFog":false,"showMaterialUpdate":false,"showSkybox":false,"showFlares":false,"showImageEffects":false,"showParticleSystems":false},"in2DMode":false,"pivot":{"x":-15.445182800292969,"y":4.414958953857422,"z":10.73365592956543},"rotation":{"x":0.05544085428118706,"y":-0.8439614176750183,"z":0.08894313126802445,"w":0.5260671973228455},"size":13.027046203613282,"orthographic":false}