{"cameraMode":{"drawMode":0,"name":"Shaded","section":"Shading Mode"},"sceneLighting":false,"audioPlay":false,"sceneViewState":{"showFog":false,"showMaterialUpdate":false,"showSkybox":false,"showFlares":false,"showImageEffects":false,"showParticleSystems":false},"in2DMode":false,"pivot":{"x":-0.000035371631383895874,"y":0.03520970046520233,"z":-0.00004212185740470886},"rotation":{"x":0.08681468665599823,"y":-0.23239873349666596,"z":0.020832855254411699,"w":0.9685202240943909},"size":0.18469475209712983,"orthographic":false}