{"cameraMode":{"drawMode":0,"name":"Shaded","section":"Shading Mode"},"sceneLighting":false,"audioPlay":false,"sceneViewState":{"showFog":false,"showMaterialUpdate":false,"showSkybox":false,"showFlares":false,"showImageEffects":false,"showParticleSystems":false},"in2DMode":false,"pivot":{"x":0.65478515625,"y":1.37127685546875,"z":1.4184417724609376},"rotation":{"x":-0.009497538208961487,"y":-0.9851520657539368,"z":0.058003269135951999,"w":-0.16130992770195008},"size":4.041658401489258,"orthographic":false}