{"cameraMode":{"drawMode":0,"name":"Shaded","section":"Shading Mode"},"sceneLighting":false,"audioPlay":false,"sceneViewState":{"showFog":false,"showMaterialUpdate":false,"showSkybox":false,"showFlares":false,"showImageEffects":false,"showParticleSystems":false},"in2DMode":false,"pivot":{"x":-5.609000205993652,"y":15.258809089660645,"z":7.9350433349609379},"rotation":{"x":0.1696321815252304,"y":-0.3560357093811035,"z":0.0658918023109436,"w":0.9165815711021423},"size":0.3842276930809021,"orthographic":true}