{"cameraMode":{"drawMode":0,"name":"Shaded","section":"Shading Mode"},"sceneLighting":false,"audioPlay":false,"sceneViewState":{"showFog":false,"showMaterialUpdate":false,"showSkybox":false,"showFlares":false,"showImageEffects":false,"showParticleSystems":false},"in2DMode":false,"pivot":{"x":-0.00040340423583984375,"y":0.558671236038208,"z":0.0004429817199707031},"rotation":{"x":-0.15697042644023896,"y":0.709409236907959,"z":-0.16708381474018098,"w":-0.6664697527885437},"size":31.692007064819337,"orthographic":false}