{"cameraMode":{"drawMode":0,"name":"Shaded","section":"Shading Mode"},"sceneLighting":false,"audioPlay":false,"sceneViewState":{"showFog":false,"showMaterialUpdate":false,"showSkybox":false,"showFlares":false,"showImageEffects":false,"showParticleSystems":false},"in2DMode":false,"pivot":{"x":0.8208982944488525,"y":1.5985374450683594,"z":-0.6739948391914368},"rotation":{"x":-0.03368651121854782,"y":0.946775496006012,"z":-0.10552584379911423,"w":-0.3022347092628479},"size":6.318902969360352,"orthographic":false}