{"cameraMode":{"drawMode":0,"name":"Shaded","section":"Shading Mode"},"sceneLighting":false,"audioPlay":false,"sceneViewState":{"showFog":false,"showMaterialUpdate":false,"showSkybox":false,"showFlares":false,"showImageEffects":false,"showParticleSystems":false},"in2DMode":false,"pivot":{"x":29.554983139038087,"y":-9.27927017211914,"z":10.85302734375},"rotation":{"x":0.17292623221874238,"y":0.4373477101325989,"z":-0.08610448986291886,"w":0.878308892250061},"size":58.37276840209961,"orthographic":false}