{"cameraMode":{"drawMode":0,"name":"Shaded","section":"Shading Mode"},"sceneLighting":false,"audioPlay":false,"sceneViewState":{"showFog":false,"showMaterialUpdate":false,"showSkybox":false,"showFlares":false,"showImageEffects":false,"showParticleSystems":false},"in2DMode":false,"pivot":{"x":-0.12572433054447175,"y":0.21995389461517335,"z":0.14530892670154572},"rotation":{"x":-0.08331707119941712,"y":0.912020206451416,"z":-0.32807421684265139,"w":-0.23161344230175019},"size":4.475633144378662,"orthographic":false}