{"cameraMode":{"drawMode":0,"name":"Shaded","section":"Shading Mode"},"sceneLighting":false,"audioPlay":false,"sceneViewState":{"showFog":false,"showMaterialUpdate":false,"showSkybox":false,"showFlares":false,"showImageEffects":false,"showParticleSystems":false},"in2DMode":false,"pivot":{"x":3.1600000858306886,"y":1.1799999475479127,"z":-3.869999885559082},"rotation":{"x":0.26094508171081545,"y":-0.4213527739048004,"z":0.12799057364463807,"w":0.8590694665908814},"size":22.0,"orthographic":false}